Conforming,2.750,0.500
Conforming,2.875,0.125
Conforming,3.000,-0.250
Conforming,3.125,-0.625
Conforming,3.250,-0.875
Conforming,3.375,-1.125
Conforming,3.500,-1.250
Conforming,3.625,-1.500
High Balance,2.750,0.375
High Balance,2.875,0.000
High Balance,3.000,-0.375
High Balance,3.125,-0.625
High Balance,3.250,-1.000
High Balance,3.375,-1.125
High Balance,3.500,-1.375
High Balance,3.625,-1.500
Jumbo,2.000,1.750
Jumbo,2.125,1.375
Jumbo,2.250,0.875
Jumbo,2.375,0.500
Jumbo,2.500,0.000
Jumbo,2.625,-0.375
Jumbo,2.750,-0.750
