Conforming,3.375,2.000
Conforming,3.500,1.375
Conforming,3.625,0.500
Conforming,3.750,-0.375
Conforming,3.875,-0.875
Conforming,4.000,-1.375
Conforming,4.125,-2.125
Conforming,4.250,-2.250
High Balance,3.375,2.500
High Balance,3.500,2.000
High Balance,3.625,0.875
High Balance,3.750,0.000
High Balance,3.875,-0.375
High Balance,4.000,-1.000
High Balance,4.125,-1.875
High Balance,4.250,-2.250
Jumbo,3.000,1.875
Jumbo,3.125,1.375
Jumbo,3.250,0.875
Jumbo,3.375,0.375
Jumbo,3.500,-0.125
Jumbo,3.625,-0.750
