Conforming,2.750,1.625
Conforming,2.875,0.875
Conforming,3.000,0.250
Conforming,3.125,-0.375
Conforming,3.250,-0.625
Conforming,3.375,-1.125
Conforming,3.500,-1.750
Conforming,3.625,-2.250
High Balance,2.750,1.375
High Balance,2.875,0.625
High Balance,3.000,0.000
High Balance,3.125,-0.750
High Balance,3.250,-0.875
High Balance,3.375,-1.250
High Balance,3.500,-1.750
High Balance,3.625,-2.250
Jumbo,2.750,1.375
Jumbo,2.875,1.000
Jumbo,3.000,0.625
Jumbo,3.125,0.250
Jumbo,3.250,-0.125
Jumbo,3.375,-0.375
Jumbo,3.500,-0.625
Jumbo,3.625,-0.750
