Conforming,2.125,2.375
Conforming,2.250,1.875
Conforming,2.375,1.375
Conforming,2.500,0.875
Conforming,2.625,0.375
Conforming,2.750,-0.125
Conforming,2.875,-0.500
Conforming,3.000,-0.750
High Balance,2.125,2.375
High Balance,2.250,1.875
High Balance,2.375,1.375
High Balance,2.500,0.875
High Balance,2.625,0.375
High Balance,2.750,-0.125
High Balance,2.875,-0.500
High Balance,3.000,-0.750
Jumbo,2.125,2.375
Jumbo,2.250,1.875
Jumbo,2.375,1.375
Jumbo,2.500,0.875
Jumbo,2.625,0.375
Jumbo,2.750,-0.125
Jumbo,2.875,-0.500
Jumbo,3.000,-0.750
